ID програми,Назва програми,Автор,Дата публікації,Кількість сторінок,Тип книги,Статус
706F8E159CA80D21MV,Hellbound: Hellraiser II,,,,Звичайна книга,Помилка
-dQEoyWH37wC,"""Apologie Du Terrorisme"" and ""incitement to Terrorism.""",Council of Europe,Jan 2004,,Звичайна книга,Помилка
fFJRAAAAcAAJ,"Joanna von Jesu Maria, eheliche Jungfrau, Wittfrau und Klosterfrau: ein Wunder der Gnaden, ein gottseliger Spiegel unvergleichlicher weiblicher Geduld",Martin (von Cochem),Jan 1846,,Звичайна книга,Помилка
654859ACC76D72AAMV,Kiki's Delivery Service,,,,Звичайна книга,Помилка
GA5eAAAAcAAJ,"Die Einrichtungen der Neuzeit auf dem Gebiete des Socialismus, etc",J. B. Eckl,Jan 1866,,Звичайна книга,Помилка
2D2B87473A14D1B3MV,Getting Home,,,,Звичайна книга,Помилка
o2wYVfEvn2AC,Phædri Fabularum Æsopiarum libri quinque: Volume 1,Phaedrus,Jan 1826,,Звичайна книга,Помилка
Vw-mDQAAQBAJ,"Women in Eighteenth-Century Scotland: Intimate, Intellectual and Public Lives",Deborah Simonton,Dec 2016,,Звичайна книга,Помилка
IpgtAAAAYAAJ,"Jahrbuch des Vereins für Orts- und Heimatkunde in der Grafschaft Mark, verbunden mit dem Märkischen Museum zu Witten: Band 7",,Jan 1894,,Звичайна книга,Помилка
B6829677052D8659MV,The Bracelet of Bordeaux,,,,Звичайна книга,Помилка
1A6315822A5872CBMV,Cartouche,,,,Звичайна книга,Помилка
com.daviiid99.message_direct,Message Direct,,,,Звичайна книга,Помилка
bsFCAQAAMAAJ,Schmidt's Jahrbuecher: Volumes 103-104,,Jan 1859,,Звичайна книга,Помилка
RcYHDQAAQBAJ,[연재] 순혈의 헌터 188화,류화수,Jun 2015,,Звичайна книга,Помилка
USmpRQWYrIUC,"Current Industrial Reports: Switchgear, switchboard apparatus, relays, and industrial controls. MA-36A",,Jan 1986,,Звичайна книга,Помилка
grTsCgAAQBAJ,Melt Processed High Temperature Superconductors,Masato Murakami,Jan 1993,,Звичайна книга,Помилка
bnsxtKDb4L4C,National Forest Areas,,Jan 1949,,Звичайна книга,Помилка
15EAF888867922DDMV,The Hudson Tribes,,,,Звичайна книга,Помилка
Fa5SAAAAcAAJ,"Meteorologisches Jahrbuch: von ...; mit Inbegriff d. meteorischen und astronom. Beobachtungen, d. Aspecten d. Sonne, d. Planeten u. d. Mondes, wie auch d. Veränderungen d. positiven u. negativen atmosphär. Electricität. 1817 (1818)",,Jan 1818,,Звичайна книга,Помилка
nzVPAAAAcAAJ,"Leorinum Eruditum: In quo Viri, Quos Protulit Leoberga Silesiorum, Scriptis Et Eruditione Celebres, Centuria Quadam Comprehenduntur Ac Breviter Delineatur",Johann Caspar Eberti,Jan 1714,,Звичайна книга,Помилка
BHt3EAAAQBAJ,「クラシックバレエ女子　Vol.02」　デジタル写真集,素人,Jul 2022,,Звичайна книга,Помилка
B-sPAAAAYAAJ,"A New Method of Learning the German Language: Embracing Both the Analytic and Synthetic Modes of Instruction : Being a Plain and Practical Way of Acquiring the Art of Reading, Speaking, and Composing German",W. H. Woodbury,Jan 1866,,Звичайна книга,Помилка
Gysg1IN86qgC,Fluss- u. Berg Karte von Deutschland und den anlieg. Ländern,,Jan 1823,,Звичайна книга,Помилка
An8WAAAAIAAJ,Report of the Committee on Teachers' Salaries and Cost of Living,"National Education Association of the United States Committee on Salaries, Tenure, and Pensions of Teachers (appointed 1911)",Jan 1913,,Звичайна книга,Помилка
MyeWWmFSIggC,Publications of the Educational Finance Inquiry.,Educational Finance Inquiry Commission,Jan 1924,,Звичайна книга,Помилка
ft21EAAAQBAJ,Dono di Dio,John Wray,Apr 2023,,Звичайна книга,Помилка
F756785F87A0678CMV,Works In Progress,,,,Звичайна книга,Помилка
com.liki24.customerapp,Liki24 — delivery service,,,,Звичайна книга,Помилка
com.aerosol.inhx,INHX,,,,Звичайна книга,Помилка
0E702926A15CC5D8MV,The Last Laugh,,,,Звичайна книга,Помилка
com.imajdroid.tobrukuniversity,جامعة طبرق,,,,Звичайна книга,Помилка
497F90AFF45F11E3MV,The River Thief,,,,Звичайна книга,Помилка
6AA980F2E373BA0BMV,Christmas Eve,,,,Звичайна книга,Помилка
64B88BD90FEB0DF9MV,LA 92,,,,Звичайна книга,Помилка
rNZrHotZt14C,The Duty of Obedience to Governors. A Sermon [on Rom. Xiii. 4] Preach'd at the Assizes Held at Croydon ... Mar. 15. 1721/2,Richard IBBETSON,Jan 1722,,Звичайна книга,Помилка
191E4B0FEF9C09FDMV,The Food Guide To Love,,,,Звичайна книга,Помилка
8IHFBAAAQBAJ,Gerinnungsmanagement in der Intensivmedizin,Dietmar Fries,Jan 2014,,Звичайна книга,Помилка
vVjvDwAAQBAJ,You Won't Know What Hit You!: Ten Rough Sex Erotica Stories,Paige Jamey,Jul 2020,,Звичайна книга,Помилка
swCA-QbSG50C,"Mémoires de Luther, écrits par lui-même: Volume 2",Maarten Luther,Jan 1840,,Звичайна книга,Помилка
uODcM9EBLVUC,Neun verschiedene Coordinaten-Systeme: im Zusammenhange untersucht ; mit 6 lithographirten Tafeln,Jan Gerard Hendrik Swellengrebel,Jan 1853,,Звичайна книга,Помилка
427F34B552A8DA87MV,Chicken Run,,,,Звичайна книга,Помилка
uk.co.marstin.game1024,1024 Brain Sports Math edition,,,,Звичайна книга,Помилка
AACDF7B60FAF6314MV,Rock Fresh,,,,Звичайна книга,Помилка
lDmnEz_3-BUC,"Opinion de François Robert ... concernant le jugement de Louis XVI: séance du 13 novembre 1792, l'an premier de la République",François Robert,Jan 1792,,Звичайна книга,Помилка
com.kovacs.notificationnotes,Notification Notes,,,,Звичайна книга,Помилка
C5DF3F833C39167EMV,Arthur and the Invisibles,,,,Звичайна книга,Помилка
HCczDwAAQBAJ,Surf Mama,Wilma Johnson,Aug 2017,,Звичайна книга,Помилка
com.thegreeceapptv.tvgreeceap,Greece TV,,,,Звичайна книга,Помилка
kIwzEAAAQBAJ,"The Holy War (Annotated): Made by Shaddai upon Diabolus, for the Regaining the Metropolis of the World; or, the losing and taking again of the Town of Man-soul.",John Bunyan,Jun 2021,,Звичайна книга,Помилка
XEJAAAAAcAAJ,Almanach royal: 1769,,Jan 1769,,Звичайна книга,Помилка
C9463E804EDB5545MV,Cop Dog,,,,Звичайна книга,Помилка
l24dEAAAQBAJ,Overwatch: Tracer--London Calling #5 (Traditional Chinese),Mariko Tamaki,Feb 2021,,Звичайна книга,Помилка
eOZeDwAAQBAJ,Cold Spring Harbor,Yates Richard,Jun 2018,,Звичайна книга,Помилка
8BslaeoU9bYC,Delphine: Volume 1,Germaine de Staël,Jan 1829,,Звичайна книга,Помилка
Q2vSIYpHCCEC,Das mittelalterlich-römische Lapidarium und die vorgeschichtlich-römische Sammlung zu St. Ulrich in Regensburg,Joseph Dahlem,Jan 1890,,Звичайна книга,Помилка
7200431953C72616MV,The United States of Hoodoo,,,,Звичайна книга,Помилка
Zef-DwAAQBAJ,Möglichkeiten und Grenzen des kommunalen Gesamtabschlusses als Informations- und Steuerungsinstrument: Ableitung von anforderungsgerechten Ausgestaltungsempfehlungen aus Theorie und Empirie,Anne Simon,Apr 2014,,Звичайна книга,Помилка
flW9AgAAQBAJ,Friends and Enemies: A Ruth Bowen Regency Mystery,Brenda Dow,Dec 2013,,Звичайна книга,Помилка
q7M_DwAAQBAJ,Dry Bones,Sally Spencer,Feb 2018,,Звичайна книга,Помилка
com.medyax.kalelicati,Kaleli,,,,Звичайна книга,Помилка
DB5C195DA9742BDCMV,How the Toys Saved Christmas,,,,Звичайна книга,Помилка
DC34DF4E5BC91D08MV,Broken Lizard's Club Dread,,,,Звичайна книга,Помилка
6E5E62C6602846AEMV,The Lion King,,,,Звичайна книга,Помилка
com.qriska.alert,Qriska Alert App,,,,Звичайна книга,Помилка
nKH0DwAAQBAJ,કર્મોની ગતિ,BK Jagdish Chander,Aug 2020,,Звичайна книга,Помилка
78CAEDB5957B529AMV,No Stone Unturned,,,,Звичайна книга,Помилка
zGBXEAAAQBAJ,Der verzauberte Kakaobaum,Katherine Way,Nov 2021,,Звичайна книга,Помилка
XO5DAAAAYAAJ,The Novels and Dramas: Volume 10,Honoré de Balzac,Jan 1905,,Звичайна книга,Помилка
44045D476AD533BFMV,Destierros,,,,Звичайна книга,Помилка
1321EC9701773029MV,Can We Take a Joke?,,,,Звичайна книга,Помилка
15EA6BD603767419MV,Gabe the Cupid Dog,,,,Звичайна книга,Помилка
5796B31AB3F1A47BMV,Sanatorium,,,,Звичайна книга,Помилка
pZ7B-xd9Zr0C,Development Neuropsychobiology,William Greenough,Dec 2012,,Звичайна книга,Помилка
QTm0pD2f0BgC,"Elements of Civil Government, Local, State, and National: A Brief Course for Ungraded, Grammar, and High Schools",William Augustus Mowry,Jan 1899,,Звичайна книга,Помилка
F9FE8C996CD6BD4EMV,Maria by Callas,,,,Звичайна книга,Помилка
6C8672300CC49C41MV,Labyrinth of Lies,,,,Звичайна книга,Помилка
z409dv7gUOIC,Lost in Katrina,"Schaefer, Mikel",Sep 2010,,Звичайна книга,Помилка
v2x3CgAAQBAJ,A Lord Rotheby's Influence Bundle,Catherine Gayle,Jun 2013,,Звичайна книга,Помилка
eknp_x-LPlUC,Tim Lincecum,Jeff Savage,Jan 2012,,Звичайна книга,Помилка
901FFC21C3413471MV,Alice Cooper: The Nightmare,,,,Звичайна книга,Помилка
GPi3CwAAQBAJ,Writing Snapshots and Questions without Answers: Write Now!,Mary F. Burke,Sep 2008,,Звичайна книга,Помилка
com.agro_scout.sky,AgroScout Sky,,,,Звичайна книга,Помилка
gWz2EAAAQBAJ,The Hidden Truth,Redy Kuswanto,Feb 2024,,Звичайна книга,Помилка
O2lcAAAAcAAJ,Год в чужих краях: 1839 дорожный дневник. Часть 3,Michail Petrovič Pogodin,Jan 1844,,Звичайна книга,Помилка
ba.boss.taxi,Tuzla TAXI,,,,Звичайна книга,Помилка
iTvtls4IZKgC,The Stage Coach and Other Tales,Amelia Opie,Jan 1845,,Звичайна книга,Помилка
9D38B8F9B264115EMV,Gateway,,,,Звичайна книга,Помилка
B71241F124790903MV,The Resurrection of Jake the Snake,,,,Звичайна книга,Помилка
aX8OAAAAYAAJ,Œuvres de Frédéric le Grand ...,Frederick II (King of Prussia),Jan 1850,,Звичайна книга,Помилка
0CA43156840A0CCCMV,Undivided,,,,Звичайна книга,Помилка
36CA21C3F0AE566EMV,"It's Not You, It's Me",,,,Звичайна книга,Помилка
KoY1Ff_7rUgC,Ordnung der Vorlesungen an der Königlichen Universität Würzburg: 1822/23. WS.,Universität (Würzburg),Jan 1822,,Звичайна книга,Помилка
058-AAAAcAAJ,Oeuvres morales: Volume 1,Plutarchus,Jan 1783,,Звичайна книга,Помилка
cv_3EAAAQBAJ,Huonoja enteitä,Sara Storm,Mar 2024,,Звичайна книга,Помилка
_9BIAAAAcAAJ,"Einleitung in die Bücherkunde: Literargeschicht : Mit Anmerkungen vermehret, Band 2",Michael Denis,Jan 1782,,Звичайна книга,Помилка
74861522A546532BMV,All of My Heart: The Wedding,,,,Звичайна книга,Помилка
81E4364800ACCF68MV,The Upper Hand,,,,Звичайна книга,Помилка
67B19E29BE4835C0MV,The Discreet Charm of the Bourgeoisie,,,,Звичайна книга,Помилка
B56B7C95C9D17C21MV,No-Do: The Beckoning,,,,Звичайна книга,Помилка
ydXgxiHPEaU.P,Gun and a Hotel Bible,,,,Звичайна книга,Помилка
